,CodigoEstacion,NombreEstacion,Latitud,Longitud,Altitud,Categoria,Entidad,AreaOperativa,Departamento,Municipio,FechaInstalacion,FechaSuspension,IdParametro,Etiqueta,DescripcionSerie,Frecuencia,Fecha,Valor,Grado,Calificador,NivelAprobacion,SatValue,SatDesc
127,35030110,ALTO DEL GORRO  [35030110],4.483333333,-73.73333333,3750,Pluviométrica,EMPRESA DE ACUEDUCTO Y ALCANTARILLADO DE BOGOTA E.S.P,Area Operativa 11 - Cundinamarca-Amazonas,Cundinamarca,Fómeque,1969-11-15,,PRECIPITACION,PTPM_TT_M,Precipitación total mensual,Mensual,2000-04-01,205.3,50,,900,177.63881,chirps-v2.0.2000.04.tif
278,21201920,ALTO SAN MIGUEL [21201920],4.449666667,-74.29972222,2750,Pluviométrica,INSTITUTO DE HIDROLOGIA METEOROLOGIA Y ESTUDIOS AMBIENTALES,Area Operativa 11 - Cundinamarca-Amazonas,Cundinamarca,Sibaté,1993-05-15,,PRECIPITACION,PTPM_TT_M,Precipitación total mensual,Mensual,2000-04-01,100.4,50,,900,75.25646,chirps-v2.0.2000.04.tif
880,35060200,AMOLADERO EL [35060200],4.857972222,-73.74538889,2963,Pluviométrica,INSTITUTO DE HIDROLOGIA METEOROLOGIA Y ESTUDIOS AMBIENTALES,Area Operativa 11 - Cundinamarca-Amazonas,Cundinamarca,Guatavita,1972-04-15,,PRECIPITACION,PTPM_TT_M,Precipitación total mensual,Mensual,2000-04-01,100.4,50,,900,77.405846,chirps-v2.0.2000.04.tif
1284,21201790,ARGENTINA  [21201790],4.75,-74.51666667,1150,Pluviográfica,CORPORACION AUTONOMA REGIONAL DE CUNDINAMARCA,Area Operativa 10 - Tolima,Cundinamarca,Quipile,1989-04-15,,PRECIPITACION,PTPM_TT_M,Precipitación total mensual,Mensual,2000-04-01,0.0,50,,900,95.67853,chirps-v2.0.2000.04.tif
1661,21230090,ARRANCAPLUMAS [21230090],5.20275,-74.72927778,235,Pluviométrica,INSTITUTO DE HIDROLOGIA METEOROLOGIA Y ESTUDIOS AMBIENTALES,Area Operativa 10 - Tolima,Cundinamarca,Guaduas,1980-04-15,,PRECIPITACION,PTPM_TT_M,Precipitación total mensual,Mensual,2000-04-01,205.8,50,,1200,215.3275,chirps-v2.0.2000.04.tif
2782,21190460,BATAN [21190460],4.35,-74.4,2240,Pluviométrica,INSTITUTO DE HIDROLOGIA METEOROLOGIA Y ESTUDIOS AMBIENTALES,Area Operativa 11 - Cundinamarca-Amazonas,Cundinamarca,Pasca,1997-07-15,,PRECIPITACION,PTPM_TT_M,Precipitación total mensual,Mensual,2000-04-01,47.4,50,,900,63.583427,chirps-v2.0.2000.04.tif
3212,21230120,BELLEZA LA [21230120],4.985388889,-74.58111111,1200,Pluviométrica,INSTITUTO DE HIDROLOGIA METEOROLOGIA Y ESTUDIOS AMBIENTALES,Area Operativa 11 - Cundinamarca-Amazonas,Cundinamarca,Chaguaní,1986-12-15,,PRECIPITACION,PTPM_TT_M,Precipitación total mensual,Mensual,2000-04-01,126.9,50,,900,112.783875,chirps-v2.0.2000.04.tif
4360,21195120,ITA VALSALICE  - AUT [21195120],4.39292,-74.39272,1421,Climática Principal,INSTITUTO DE HIDROLOGIA METEOROLOGIA Y ESTUDIOS AMBIENTALES,Area Operativa 11 - Cundinamarca-Amazonas,Cundinamarca,Silvania,1989-02-15,,PRECIPITACION,PTPM_TT_M,Precipitación total mensual,Mensual,2000-04-01,39.6,50,,900,73.4837,chirps-v2.0.2000.04.tif
4888,21235010,JERUSALEN [21235010],4.561805556,-74.70238889,297,Climática Ordinaria,INSTITUTO DE HIDROLOGIA METEOROLOGIA Y ESTUDIOS AMBIENTALES,Area Operativa 10 - Tolima,Cundinamarca,Jerusalén,1974-11-15,,PRECIPITACION,PTPM_TT_M,Precipitación total mensual,Mensual,2000-04-01,104.0,50,,1200,134.72174,chirps-v2.0.2000.04.tif
5617,35060050,JUNIN [35060050],4.792222222,-73.66872222,2323,Pluviométrica,INSTITUTO DE HIDROLOGIA METEOROLOGIA Y ESTUDIOS AMBIENTALES,Area Operativa 11 - Cundinamarca-Amazonas,Cundinamarca,Junín,1962-05-15,,PRECIPITACION,PTPM_TT_M,Precipitación total mensual,Mensual,2000-04-01,99.3,50,,900,115.40821,chirps-v2.0.2000.04.tif
6523,21205910,LA COSECHA - AUT [21205910],4.98922,-74.00119,2570,Climática Principal,INSTITUTO DE HIDROLOGIA METEOROLOGIA Y ESTUDIOS AMBIENTALES,Area Operativa 11 - Cundinamarca-Amazonas,Cundinamarca,Zipaquirá,1976-09-15,,PRECIPITACION,PTPM_TT_M,Precipitación total mensual,Mensual,2000-04-01,7.0,50,,900,59.135956,chirps-v2.0.2000.04.tif
7000,21201840,LAG DEL INDIO  [21201840],4.4,-74.46666667,2050,Pluviométrica,CORPORACION AUTONOMA REGIONAL DE CUNDINAMARCA,Area Operativa 10 - Tolima,Cundinamarca,Viotá,1989-04-15,,PRECIPITACION,PTPM_TT_M,Precipitación total mensual,Mensual,2000-04-01,0.0,50,,900,93.65503,chirps-v2.0.2000.04.tif
7563,35030160,LAGUNA CHINGAZA  [35030160],4.533333333,-73.75,3250,Pluviométrica,EMPRESA DE ACUEDUCTO Y ALCANTARILLADO DE BOGOTA E.S.P,Area Operativa 11 - Cundinamarca-Amazonas,Cundinamarca,Fómeque,1966-03-15,,PRECIPITACION,PTPM_TT_M,Precipitación total mensual,Mensual,2000-04-01,27.8,50,,900,143.38672,chirps-v2.0.2000.04.tif
7855,35020380,LAGUNA MARRANOS  [35020380],4.65,-73.83333333,3090,Pluviométrica,EMPRESA DE ACUEDUCTO Y ALCANTARILLADO DE BOGOTA E.S.P,Area Operativa 11 - Cundinamarca-Amazonas,Cundinamarca,La Calera,1979-08-15,,PRECIPITACION,PTPM_TT_M,Precipitación total mensual,Mensual,2000-04-01,65.1,50,,900,105.10434,chirps-v2.0.2000.04.tif
8090,35030180,LAGUNA SECA  [35030180],4.666666667,-73.76666667,3620,Pluviométrica,EMPRESA DE ACUEDUCTO Y ALCANTARILLADO DE BOGOTA E.S.P,Area Operativa 11 - Cundinamarca-Amazonas,Cundinamarca,Fómeque,1987-04-15,,PRECIPITACION,PTPM_TT_M,Precipitación total mensual,Mensual,2000-04-01,96.5,50,,900,103.662346,chirps-v2.0.2000.04.tif
8384,21201190,LAGUNITAS [21201190],5.214527778,-73.90725,3100,Pluviométrica,INSTITUTO DE HIDROLOGIA METEOROLOGIA Y ESTUDIOS AMBIENTALES,Area Operativa 11 - Cundinamarca-Amazonas,Cundinamarca,Tausa,1985-03-15,,PRECIPITACION,PTPM_TT_M,Precipitación total mensual,Mensual,2000-04-01,23.7,50,,900,64.53111,chirps-v2.0.2000.04.tif
8822,35030080,LAS CASAS [35030080],4.441166667,-73.93638889,2100,Pluviográfica,INSTITUTO DE HIDROLOGIA METEOROLOGIA Y ESTUDIOS AMBIENTALES,Area Operativa 11 - Cundinamarca-Amazonas,Cundinamarca,Cáqueza,1986-05-15,,PRECIPITACION,PTPM_TT_M,Precipitación total mensual,Mensual,2000-04-01,61.1,50,,900,133.35936,chirps-v2.0.2000.04.tif
9397,24010070,LETICIA [24010070],5.303194444,-73.70975,2650,Pluviométrica,INSTITUTO DE HIDROLOGIA METEOROLOGIA Y ESTUDIOS AMBIENTALES,Area Operativa 11 - Cundinamarca-Amazonas,Cundinamarca,Lenguazaque,1974-02-15,,PRECIPITACION,PTPM_TT_M,Precipitación total mensual,Mensual,2000-04-01,45.6,50,,900,60.929413,chirps-v2.0.2000.04.tif
9850,35025050,LLANO LARGO [35025050],4.482833333,-74.03027778,2980,Climática Ordinaria,INSTITUTO DE HIDROLOGIA METEOROLOGIA Y ESTUDIOS AMBIENTALES,Area Operativa 11 - Cundinamarca-Amazonas,Cundinamarca,Ubaque,1986-04-15,,PRECIPITACION,PTPM_TT_M,Precipitación total mensual,Mensual,2000-04-01,106.5,50,,900,101.05795,chirps-v2.0.2000.04.tif
10391,21201050,LOURDES [21201050],4.982888889,-73.86466667,2750,Pluviométrica,INSTITUTO DE HIDROLOGIA METEOROLOGIA Y ESTUDIOS AMBIENTALES,Area Operativa 11 - Cundinamarca-Amazonas,Cundinamarca,Gachancipá,1985-03-15,,PRECIPITACION,PTPM_TT_M,Precipitación total mensual,Mensual,2000-04-01,46.2,50,,900,63.078674,chirps-v2.0.2000.04.tif
10903,35070230,MACHETA GRANJA AGROP [35070230],5.075111111,-73.57941667,1815,Pluviográfica,INSTITUTO DE HIDROLOGIA METEOROLOGIA Y ESTUDIOS AMBIENTALES,Area Operativa 11 - Cundinamarca-Amazonas,Cundinamarca,Machetá,1979-12-15,,PRECIPITACION,PTPM_TT_M,Precipitación total mensual,Mensual,2000-04-01,111.2,50,,900,58.851048,chirps-v2.0.2000.04.tif
12150,21205660,MERCEDES - AUT [21205660],4.5791,-74.52318,765,Climática Principal,INSTITUTO DE HIDROLOGIA METEOROLOGIA Y ESTUDIOS AMBIENTALES,Area Operativa 11 - Cundinamarca-Amazonas,Cundinamarca,Anapoima,1970-09-15,,PRECIPITACION,PTPM_TT_M,Precipitación total mensual,Mensual,2000-04-01,53.5,4,,900,103.14709,chirps-v2.0.2000.04.tif
12504,21190470,MESA LA HDA  [21190470],4.3,-74.23333333,3470,Pluviométrica,CORPORACION AUTONOMA REGIONAL DE CUNDINAMARCA,Area Operativa 11 - Cundinamarca-Amazonas,Cundinamarca,Pasca,1997-07-15,,PRECIPITACION,PTPM_TT_M,Precipitación total mensual,Mensual,2000-04-01,54.6,50,,900,89.644714,chirps-v2.0.2000.04.tif
13209,35060130,MINAS LAS [35060130],4.675166667,-73.48213889,23,Pluviométrica,INSTITUTO DE HIDROLOGIA METEOROLOGIA Y ESTUDIOS AMBIENTALES,Area Operativa 11 - Cundinamarca-Amazonas,Cundinamarca,Gachalá,1973-04-15,,PRECIPITACION,PTPM_TT_M,Precipitación total mensual,Mensual,2000-04-01,543.0,50,,900,245.72356,chirps-v2.0.2000.04.tif
14264,35020010,MONTERREDONDO [35020010],4.2483,-73.8187,1467,Pluviométrica,INSTITUTO DE HIDROLOGIA METEOROLOGIA Y ESTUDIOS AMBIENTALES,Area Operativa 03 - Meta-Guaviare-Guainía,Cundinamarca,Guayabetal,1951-07-15,,PRECIPITACION,PTPM_TT_M,Precipitación total mensual,Mensual,2000-04-01,180.0,50,,1200,269.86523,chirps-v2.0.2000.04.tif
15193,35020390,MUNDONUEVO  [35020390],4.683333333,-73.86666667,2400,Pluviométrica,EMPRESA DE ACUEDUCTO Y ALCANTARILLADO DE BOGOTA E.S.P,Area Operativa 11 - Cundinamarca-Amazonas,Cundinamarca,La Calera,1971-01-15,,PRECIPITACION,PTPM_TT_M,Precipitación total mensual,Mensual,2000-04-01,53.6,50,,900,92.276566,chirps-v2.0.2000.04.tif
15559,21230110,NARINO RADIO [21230110],4.387805556,-74.838166667,262,Pluviométrica,INSTITUTO DE HIDROLOGIA METEOROLOGIA Y ESTUDIOS AMBIENTALES,Area Operativa 10 - Tolima,Cundinamarca,Nariño,1980-01-15,,PRECIPITACION,PTPM_TT_M,Precipitación total mensual,Mensual,2000-04-01,205.0,50,,900,142.87273,chirps-v2.0.2000.04.tif
16130,21230060,NARINO [21230060],4.398611111,-74.82555556,289,Pluviométrica,INSTITUTO DE HIDROLOGIA METEOROLOGIA Y ESTUDIOS AMBIENTALES,Area Operativa 10 - Tolima,Cundinamarca,Nariño,1974-11-15,,PRECIPITACION,PTPM_TT_M,Precipitación total mensual,Mensual,2000-04-01,181.2,50,,1200,142.87273,chirps-v2.0.2000.04.tif
16731,21190210,NILO [21190210],4.305888889,-74.64866667,322,Pluviométrica,INSTITUTO DE HIDROLOGIA METEOROLOGIA Y ESTUDIOS AMBIENTALES,Area Operativa 10 - Tolima,Cundinamarca,Nilo,1971-11-15,,PRECIPITACION,PTPM_TT_M,Precipitación total mensual,Mensual,2000-04-01,118.6,4,,1200,127.29771,chirps-v2.0.2000.04.tif
17694,21200160,PANONIA [21200160],5.057972222,-73.73433333,2800,Pluviométrica,INSTITUTO DE HIDROLOGIA METEOROLOGIA Y ESTUDIOS AMBIENTALES,Area Operativa 11 - Cundinamarca-Amazonas,Cundinamarca,Chocontá,1985-03-15,,PRECIPITACION,PTPM_TT_M,Precipitación total mensual,Mensual,2000-04-01,37.5,50,,900,64.33987,chirps-v2.0.2000.04.tif
18636,21201060,PANTANO REDONDO 1 [21201060],5.04325,-74.03338889,3160,Pluviográfica,INSTITUTO DE HIDROLOGIA METEOROLOGIA Y ESTUDIOS AMBIENTALES,Area Operativa 11 - Cundinamarca-Amazonas,Cundinamarca,Zipaquirá,1951-01-15,,PRECIPITACION,PTPM_TT_M,Precipitación total mensual,Mensual,2000-04-01,48.7,50,,900,61.95148,chirps-v2.0.2000.04.tif
20044,35030230,PARRADOS SAN ISIDR  [35030230],4.383333333,-73.76666667,3500,Pluviométrica,EMPRESA DE ACUEDUCTO Y ALCANTARILLADO DE BOGOTA E.S.P,Area Operativa 11 - Cundinamarca-Amazonas,Cundinamarca,Fómeque,1987-05-15,,PRECIPITACION,PTPM_TT_M,Precipitación total mensual,Mensual,2000-04-01,147.5,50,,900,162.55078,chirps-v2.0.2000.04.tif
20543,21195190,PASCA - AUT [21195190],4.310111111,-74.31175,2256,Agrometeorológica,INSTITUTO DE HIDROLOGIA METEOROLOGIA Y ESTUDIOS AMBIENTALES,Area Operativa 11 - Cundinamarca-Amazonas,Cundinamarca,Pasca,2005-08-26,,PRECIPITACION,PTPM_TT_M,Precipitación total mensual,Mensual,2000-04-01,33.2,50,,900,61.939014,chirps-v2.0.2000.04.tif
21409,23060180,PENON EL [23060180],5.253444444,-74.2945,1400,Pluviométrica,INSTITUTO DE HIDROLOGIA METEOROLOGIA Y ESTUDIOS AMBIENTALES,Area Operativa 11 - Cundinamarca-Amazonas,Cundinamarca,El Peñón,1974-09-15,,PRECIPITACION,PTPM_TT_M,Precipitación total mensual,Mensual,2000-04-01,277.9,50,,900,205.01334,chirps-v2.0.2000.04.tif
22074,21190310,PINAR EL [21190310],4.387972222,-74.32991667,1900,Pluviométrica,INSTITUTO DE HIDROLOGIA METEOROLOGIA Y ESTUDIOS AMBIENTALES,Area Operativa 11 - Cundinamarca-Amazonas,Cundinamarca,Fusagasugá,1980-08-15,,PRECIPITACION,PTPM_TT_M,Precipitación total mensual,Mensual,2000-04-01,88.4,50,,900,56.129837,chirps-v2.0.2000.04.tif
23063,21200620,PISCIS [21200620],5.079166667,-73.69686111,2820,Pluviométrica,INSTITUTO DE HIDROLOGIA METEOROLOGIA Y ESTUDIOS AMBIENTALES,Area Operativa 11 - Cundinamarca-Amazonas,Cundinamarca,Chocontá,1985-03-15,,PRECIPITACION,PTPM_TT_M,Precipitación total mensual,Mensual,2000-04-01,94.3,50,,900,68.75621,chirps-v2.0.2000.04.tif
23505,35030170,PLAYA LA  [35030170],4.55,-73.76666667,3100,Pluviométrica,EMPRESA DE ACUEDUCTO Y ALCANTARILLADO DE BOGOTA E.S.P,Area Operativa 11 - Cundinamarca-Amazonas,Cundinamarca,Fómeque,1966-03-15,,PRECIPITACION,PTPM_TT_M,Precipitación total mensual,Mensual,2000-04-01,20.8,50,,900,126.40853,chirps-v2.0.2000.04.tif
24204,35060160,POTRERITOS [35060160],4.828805556,-73.76927778,2802,Pluviométrica,INSTITUTO DE HIDROLOGIA METEOROLOGIA Y ESTUDIOS AMBIENTALES,Area Operativa 11 - Cundinamarca-Amazonas,Cundinamarca,Guatavita,1972-08-15,,PRECIPITACION,PTPM_TT_M,Precipitación total mensual,Mensual,2000-04-01,113.0,50,,900,75.006775,chirps-v2.0.2000.04.tif
24647,21200780,POTRERO LARGO [21200780],4.929222222,-73.78047222,2780,Pluviométrica,INSTITUTO DE HIDROLOGIA METEOROLOGIA Y ESTUDIOS AMBIENTALES,Area Operativa 11 - Cundinamarca-Amazonas,Cundinamarca,Guatavita,1985-03-15,,PRECIPITACION,PTPM_TT_M,Precipitación total mensual,Mensual,2000-04-01,67.7,50,,900,63.114304,chirps-v2.0.2000.04.tif
25508,21201310,PREVENTORIO INFANT [21201310],4.465444444,-74.2675,2650,Pluviométrica,INSTITUTO DE HIDROLOGIA METEOROLOGIA Y ESTUDIOS AMBIENTALES,Area Operativa 11 - Cundinamarca-Amazonas,Cundinamarca,Sibaté,1985-03-15,,PRECIPITACION,PTPM_TT_M,Precipitación total mensual,Mensual,2000-04-01,28.6,4,,900,73.11249,chirps-v2.0.2000.04.tif
25919,21206180,PRIMAVERA D MATIMA [21206180],4.8055,-74.44347222,1850,Climática Ordinaria,INSTITUTO DE HIDROLOGIA METEOROLOGIA Y ESTUDIOS AMBIENTALES,Area Operativa 11 - Cundinamarca-Amazonas,Cundinamarca,Anolaima,1986-04-15,,PRECIPITACION,PTPM_TT_M,Precipitación total mensual,Mensual,2000-04-01,78.4,50,,900,104.270386,chirps-v2.0.2000.04.tif
26796,21205980,PROVIDENCIA GRANJA [21205980],4.792388889,-74.20091667,2560,Climática Ordinaria,INSTITUTO DE HIDROLOGIA METEOROLOGIA Y ESTUDIOS AMBIENTALES,Area Operativa 11 - Cundinamarca-Amazonas,Cundinamarca,Tenjo,1977-02-15,,PRECIPITACION,PTPM_TT_M,Precipitación total mensual,Mensual,2000-04-01,39.0,50,,900,58.126793,chirps-v2.0.2000.04.tif
27512,24010380,PTE EL  [24010380],5.35,-73.66666667,2810,Pluviográfica,CORPORACION AUTONOMA REGIONAL DE CUNDINAMARCA,Area Operativa 11 - Cundinamarca-Amazonas,Cundinamarca,Guachetá,1962-12-15,,PRECIPITACION,PTPM_TT_M,Precipitación total mensual,Mensual,2000-04-01,0.0,50,,900,69.608444,chirps-v2.0.2000.04.tif
28390,21205160,RAMADA LA  [21205160],4.716666667,-74.18333333,2545,Climática Ordinaria,CORPORACION AUTONOMA REGIONAL DE CUNDINAMARCA,Area Operativa 11 - Cundinamarca-Amazonas,Cundinamarca,Funza,1937-12-15,,PRECIPITACION,PTPM_TT_M,Precipitación total mensual,Mensual,2000-04-01,34.3,4,,900,49.530457,chirps-v2.0.2000.04.tif
30123,21206590,REPRESA SISGA  [21206590],5.083333333,-73.73333333,2675,Climática Ordinaria,CORPORACION AUTONOMA REGIONAL DE CUNDINAMARCA,Area Operativa 11 - Cundinamarca-Amazonas,Cundinamarca,Chocontá,1952-12-15,,PRECIPITACION,PTPM_TT_M,Precipitación total mensual,Mensual,2000-04-01,45.0,50,,900,64.33987,chirps-v2.0.2000.04.tif
30403,21201550,ROBLE EL [21201550],4.796666667,-74.22638889,2560,Pluviométrica,INSTITUTO DE HIDROLOGIA METEOROLOGIA Y ESTUDIOS AMBIENTALES,Area Operativa 11 - Cundinamarca-Amazonas,Cundinamarca,Madrid,1985-07-15,,PRECIPITACION,PTPM_TT_M,Precipitación total mensual,Mensual,2000-04-01,49.0,50,,900,58.126793,chirps-v2.0.2000.04.tif
30884,23065100,SABANETA [23065100],4.90175,-74.30738889,2475,Climática Ordinaria,INSTITUTO DE HIDROLOGIA METEOROLOGIA Y ESTUDIOS AMBIENTALES,Area Operativa 11 - Cundinamarca-Amazonas,Cundinamarca, La Vega,1986-08-15,,PRECIPITACION,PTPM_TT_M,Precipitación total mensual,Mensual,2000-04-01,113.0,50,,900,89.01598,chirps-v2.0.2000.04.tif
31479,21200880,SALITRE EL - NEUSA  [21200880],5.183333333,-74.0,3140,Pluviográfica,CORPORACION AUTONOMA REGIONAL DE CUNDINAMARCA,Area Operativa 11 - Cundinamarca-Amazonas,Cundinamarca,Tausa,1955-04-15,,PRECIPITACION,PTPM_TT_M,Precipitación total mensual,Mensual,2000-04-01,34.7,4,,900,76.28188,chirps-v2.0.2000.04.tif
32093,21201800,SAN GREGORIO  [21201800],4.683333333,-74.5,1050,Pluviográfica,CORPORACION AUTONOMA REGIONAL DE CUNDINAMARCA,Area Operativa 11 - Cundinamarca-Amazonas,Cundinamarca,Cachipay,1989-02-15,,PRECIPITACION,PTPM_TT_M,Precipitación total mensual,Mensual,2000-04-01,54.1,50,,900,90.69213,chirps-v2.0.2000.04.tif
32388,21201610,SAN ISIDRO [21201610],4.850288889,-73.89072222,2698,Pluviométrica,INSTITUTO DE HIDROLOGIA METEOROLOGIA Y ESTUDIOS AMBIENTALES,Area Operativa 11 - Cundinamarca-Amazonas,Cundinamarca,Guasca,1987-05-15,,PRECIPITACION,PTPM_TT_M,Precipitación total mensual,Mensual,2000-04-01,44.0,50,,900,67.98991,chirps-v2.0.2000.04.tif
33066,21201720,SAN JORGE GJA  [21201720],4.516666667,-74.2,2890,Pluviográfica,CORPORACION AUTONOMA REGIONAL DE CUNDINAMARCA,Area Operativa 11 - Cundinamarca-Amazonas,Cundinamarca,Soacha,1960-04-15,,PRECIPITACION,PTPM_TT_M,Precipitación total mensual,Mensual,2000-04-01,32.8,50,,900,75.852135,chirps-v2.0.2000.04.tif
33663,21205720,SAN JORGE GRANJA [21205720],4.50575,-74.18927778,2900,Climática Ordinaria,INSTITUTO DE HIDROLOGIA METEOROLOGIA Y ESTUDIOS AMBIENTALES,Area Operativa 11 - Cundinamarca-Amazonas,Cundinamarca,Soacha,1960-04-15,,PRECIPITACION,PTPM_TT_M,Precipitación total mensual,Mensual,2000-04-01,50.1,50,,900,71.318886,chirps-v2.0.2000.04.tif
34364,21200800,SAN JOSE  [21200800],4.983333333,-73.9,2700,Pluviográfica,CORPORACION AUTONOMA REGIONAL DE CUNDINAMARCA,Area Operativa 11 - Cundinamarca-Amazonas,Cundinamarca,Guasca,1960-10-15,,PRECIPITACION,PTPM_TT_M,Precipitación total mensual,Mensual,2000-04-01,58.4,50,,900,63.338783,chirps-v2.0.2000.04.tif
34491,35030210,SAN JOSE  [35030210],4.533333333,-73.73333333,3200,Pluviométrica,EMPRESA DE ACUEDUCTO Y ALCANTARILLADO DE BOGOTA E.S.P,Area Operativa 11 - Cundinamarca-Amazonas,Cundinamarca,Fómeque,1987-06-15,,PRECIPITACION,PTPM_TT_M,Precipitación total mensual,Mensual,2000-04-01,168.6,4,,900,158.70622,chirps-v2.0.2000.04.tif
35037,21230070,SAN JUAN D RIOSECO [21230070],4.851277778,-74.62283333,1364,Pluviométrica,INSTITUTO DE HIDROLOGIA METEOROLOGIA Y ESTUDIOS AMBIENTALES,Area Operativa 10 - Tolima,Cundinamarca,San Juan De Rioseco,1974-12-15,,PRECIPITACION,PTPM_TT_M,Precipitación total mensual,Mensual,2000-04-01,106.8,50,,1200,110.969025,chirps-v2.0.2000.04.tif
36043,35030260,SAN LUIS  [35030260],4.483333333,-73.65,2959,Pluviométrica,EMPRESA DE ACUEDUCTO Y ALCANTARILLADO DE BOGOTA E.S.P,Area Operativa 11 - Cundinamarca-Amazonas,Cundinamarca,Fómeque,1990-08-15,,PRECIPITACION,PTPM_TT_M,Precipitación total mensual,Mensual,2000-04-01,218.2,50,,900,225.34268,chirps-v2.0.2000.04.tif
36393,21201250,SAN PEDRO [21201250],4.871638889,-73.96666667,2560,Pluviométrica,INSTITUTO DE HIDROLOGIA METEOROLOGIA Y ESTUDIOS AMBIENTALES,Area Operativa 11 - Cundinamarca-Amazonas,Cundinamarca,Sopó,1980-06-15,2013-02-15 00:00:00,PRECIPITACION,PTPM_TT_M,Precipitación total mensual,Mensual,2000-04-01,48.1,50,,900,61.495712,chirps-v2.0.2000.04.tif
37314,21200110,SAN RAFAEL 1  [21200110],4.7,-73.98333333,2750,Pluviométrica,EMPRESA DE ACUEDUCTO Y ALCANTARILLADO DE BOGOTA E.S.P,Area Operativa 11 - Cundinamarca-Amazonas,Cundinamarca,La Calera,1933-05-15,,PRECIPITACION,PTPM_TT_M,Precipitación total mensual,Mensual,2000-04-01,48.8,50,,900,67.12734,chirps-v2.0.2000.04.tif
37698,21206980,SANTA CRUZ DE SIECHA  - AUT [21206980],4.784277778,-73.87080556,3100,Agrometeorológica,INSTITUTO DE HIDROLOGIA METEOROLOGIA Y ESTUDIOS AMBIENTALES,Area Operativa 11 - Cundinamarca-Amazonas,Cundinamarca,Guasca,2005-11-08,,PRECIPITACION,PTPM_TT_M,Precipitación total mensual,Mensual,2000-04-01,60.0,50,,900,73.62479,chirps-v2.0.2000.04.tif
38860,35025060,BOLSA LA [35025060],4.575416667,-73.98141667,3195,Climática Ordinaria,INSTITUTO DE HIDROLOGIA METEOROLOGIA Y ESTUDIOS AMBIENTALES,Area Operativa 11 - Cundinamarca-Amazonas,Cundinamarca,Choachí,1987-05-15,,PRECIPITACION,PTPM_TT_M,Precipitación total mensual,Mensual,2000-04-01,66.0,50,,900,82.52402,chirps-v2.0.2000.04.tif
39821,23065120,CABRERA LA AUT [23065120],5.141555556,-74.13936111,20,Climática Principal,INSTITUTO DE HIDROLOGIA METEOROLOGIA Y ESTUDIOS AMBIENTALES,Area Operativa 11 - Cundinamarca-Amazonas,Cundinamarca,Pacho,1974-09-15,,PRECIPITACION,PTPM_TT_M,Precipitación total mensual,Mensual,2000-04-01,78.2,4,,900,96.19264,chirps-v2.0.2000.04.tif
40389,21201650,SANTA ROSITA [21201650],5.115916667,-73.75738889,2750,Pluviométrica,INSTITUTO DE HIDROLOGIA METEOROLOGIA Y ESTUDIOS AMBIENTALES,Area Operativa 11 - Cundinamarca-Amazonas,Cundinamarca,Suesca,1988-08-15,,PRECIPITACION,PTPM_TT_M,Precipitación total mensual,Mensual,2000-04-01,33.3,50,,900,58.55886,chirps-v2.0.2000.04.tif
40794,23065060,SANTA TERESA [23065060],4.842166667,-74.46169444,2200,Climática Ordinaria,INSTITUTO DE HIDROLOGIA METEOROLOGIA Y ESTUDIOS AMBIENTALES,Area Operativa 11 - Cundinamarca-Amazonas,Cundinamarca,Guayabal De Síquima,1988-12-15,,PRECIPITACION,PTPM_TT_M,Precipitación total mensual,Mensual,2000-04-01,71.3,50,,900,101.56235,chirps-v2.0.2000.04.tif
41522,21200270,SAUCIO  [21200270],5.108833333,-73.70627778,2640,Pluviográfica,CORPORACION AUTONOMA REGIONAL DE CUNDINAMARCA,Area Operativa 11 - Cundinamarca-Amazonas,Cundinamarca,Chocontá,1947-06-15,,PRECIPITACION,PTPM_TT_M,Precipitación total mensual,Mensual,2000-04-01,39.9,4,,900,57.445244,chirps-v2.0.2000.04.tif
41863,21206550,SENA MOSQUERA [21206550],4.7,-74.21666667,2543,Climática Principal,INSTITUTO DE HIDROLOGIA METEOROLOGIA Y ESTUDIOS AMBIENTALES,Area Operativa 11 - Cundinamarca-Amazonas,Cundinamarca,Mosquera,1998-01-15,2008-03-31 00:00:00,PRECIPITACION,PTPM_TT_M,Precipitación total mensual,Mensual,2000-04-01,60.5,4,,900,44.025654,chirps-v2.0.2000.04.tif
42414,21200510,SIBATE APOSTOLICA  [21200510],4.516666667,-74.25,2618,Pluviográfica,CORPORACION AUTONOMA REGIONAL DE CUNDINAMARCA,Area Operativa 11 - Cundinamarca-Amazonas,Cundinamarca,Sibaté,1956-05-15,,PRECIPITACION,PTPM_TT_M,Precipitación total mensual,Mensual,2000-04-01,20.1,50,,900,72.66082,chirps-v2.0.2000.04.tif
42707,23060290,SILENCIO EL [23060290],4.973166667,-74.41205556,1425,Pluviométrica,INSTITUTO DE HIDROLOGIA METEOROLOGIA Y ESTUDIOS AMBIENTALES,Area Operativa 11 - Cundinamarca-Amazonas,Cundinamarca,Sasaima,1986-03-15,,PRECIPITACION,PTPM_TT_M,Precipitación total mensual,Mensual,2000-04-01,244.8,50,,900,115.43912,chirps-v2.0.2000.04.tif
43274,21205740,SILOS [21205740],5.117722222,-73.70141667,2709,Climática Ordinaria,INSTITUTO DE HIDROLOGIA METEOROLOGIA Y ESTUDIOS AMBIENTALES,Area Operativa 11 - Cundinamarca-Amazonas,Cundinamarca,Chocontá,1974-03-15,,PRECIPITACION,PTPM_TT_M,Precipitación total mensual,Mensual,2000-04-01,86.3,4,,900,57.445244,chirps-v2.0.2000.04.tif
43568,21202000,SIMAYA  [21202000],4.716666667,-73.88333333,2780,Pluviométrica,EMPRESA DE ACUEDUCTO Y ALCANTARILLADO DE BOGOTA E.S.P,Area Operativa 11 - Cundinamarca-Amazonas,Cundinamarca,La Calera,1987-01-15,,PRECIPITACION,PTPM_TT_M,Precipitación total mensual,Mensual,2000-04-01,47.5,50,,900,88.58244,chirps-v2.0.2000.04.tif
43990,21201360,STA INES  [21201360],4.816666667,-74.13333333,2550,Pluviométrica,CORPORACION AUTONOMA REGIONAL DE CUNDINAMARCA,Area Operativa 11 - Cundinamarca-Amazonas,Cundinamarca,Tenjo,1980-03-15,,PRECIPITACION,PTPM_TT_M,Precipitación total mensual,Mensual,2000-04-01,38.0,50,,900,58.51553,chirps-v2.0.2000.04.tif
44464,21201760,STA ISABEL  [21201760],4.983333333,-74.06666667,2680,Pluviométrica,CORPORACION AUTONOMA REGIONAL DE CUNDINAMARCA,Area Operativa 11 - Cundinamarca-Amazonas,Cundinamarca,Tabio,1968-05-15,,PRECIPITACION,PTPM_TT_M,Precipitación total mensual,Mensual,2000-04-01,9.2,50,,900,62.120674,chirps-v2.0.2000.04.tif
44837,21201030,STA TERESA  [21201030],4.666666667,-73.93333333,3080,Pluviográfica,CORPORACION AUTONOMA REGIONAL DE CUNDINAMARCA,Area Operativa 11 - Cundinamarca-Amazonas,Cundinamarca,La Calera,1970-09-15,,PRECIPITACION,PTPM_TT_M,Precipitación total mensual,Mensual,2000-04-01,38.3,50,,900,81.716354,chirps-v2.0.2000.04.tif
45131,21201620,SUESCA [21201620],5.109583333,-73.79697222,2575,Pluviométrica,INSTITUTO DE HIDROLOGIA METEOROLOGIA Y ESTUDIOS AMBIENTALES,Area Operativa 11 - Cundinamarca-Amazonas,Cundinamarca,Suesca,1987-05-15,2019-05-03 14:59:00,PRECIPITACION,PTPM_TT_M,Precipitación total mensual,Mensual,2000-04-01,36.1,50,,900,58.55886,chirps-v2.0.2000.04.tif
45560,35060020,SUEVA [35060020],4.81,-73.70716667,1965,Pluviométrica,INSTITUTO DE HIDROLOGIA METEOROLOGIA Y ESTUDIOS AMBIENTALES,Area Operativa 11 - Cundinamarca-Amazonas,Cundinamarca,Junín,1972-07-15,,PRECIPITACION,PTPM_TT_M,Precipitación total mensual,Mensual,2000-04-01,66.1,50,,900,83.044395,chirps-v2.0.2000.04.tif
46093,23060200,SUPATA [23060200],5.059694444,-74.239166667,1798,Pluviométrica,INSTITUTO DE HIDROLOGIA METEOROLOGIA Y ESTUDIOS AMBIENTALES,Area Operativa 11 - Cundinamarca-Amazonas,Cundinamarca,Supata,1974-09-15,,PRECIPITACION,PTPM_TT_M,Precipitación total mensual,Mensual,2000-04-01,125.8,50,,900,109.41585,chirps-v2.0.2000.04.tif
46781,24015210,SUTATAUSA  [24015210],5.25,-73.85,2700,Climática Ordinaria,CORPORACION AUTONOMA REGIONAL DE CUNDINAMARCA,Area Operativa 11 - Cundinamarca-Amazonas,Cundinamarca,Sutatausa,1965-04-15,,PRECIPITACION,PTPM_TT_M,Precipitación total mensual,Mensual,2000-04-01,57.2,50,,900,63.35927,chirps-v2.0.2000.04.tif
47188,21205650,TABIO  [21205650],4.766666667,-73.93333333,2620,Climática Principal,CORPORACION AUTONOMA REGIONAL DE CUNDINAMARCA,Area Operativa 11 - Cundinamarca-Amazonas,Cundinamarca,Tabio,1970-07-15,,PRECIPITACION,PTPM_TT_M,Precipitación total mensual,Mensual,2000-04-01,46.7,50,,900,68.18041,chirps-v2.0.2000.04.tif
47429,21201630,TABIO GRANJA [21201630],4.933055556,-74.06561111,2600,Pluviográfica,INSTITUTO DE HIDROLOGIA METEOROLOGIA Y ESTUDIOS AMBIENTALES,Area Operativa 11 - Cundinamarca-Amazonas,Cundinamarca,Tabio,1987-05-15,,PRECIPITACION,PTPM_TT_M,Precipitación total mensual,Mensual,2000-04-01,41.6,50,,900,60.88506,chirps-v2.0.2000.04.tif
48457,35060170,TASAJERAS [35060170],4.885694444,-73.60036111,2502,Pluviométrica,INSTITUTO DE HIDROLOGIA METEOROLOGIA Y ESTUDIOS AMBIENTALES,Area Operativa 11 - Cundinamarca-Amazonas,Cundinamarca,Gachetá,1972-02-15,,PRECIPITACION,PTPM_TT_M,Precipitación total mensual,Mensual,2000-04-01,47.7,50,,900,95.83096,chirps-v2.0.2000.04.tif
49041,35060150,TEMBLADARES [35060150],4.704861111,-73.66527778,2878,Pluviométrica,INSTITUTO DE HIDROLOGIA METEOROLOGIA Y ESTUDIOS AMBIENTALES,Area Operativa 11 - Cundinamarca-Amazonas,Cundinamarca,Junín,1972-02-15,,PRECIPITACION,PTPM_TT_M,Precipitación total mensual,Mensual,2000-04-01,271.6,50,,900,133.72267,chirps-v2.0.2000.04.tif
49689,21200690,TESORO-VERTIENTES  [21200690],4.8,-74.31666667,2610,Pluviométrica,CORPORACION AUTONOMA REGIONAL DE CUNDINAMARCA,Area Operativa 11 - Cundinamarca-Amazonas,Cundinamarca,Facatativá,1931-08-15,,PRECIPITACION,PTPM_TT_M,Precipitación total mensual,Mensual,2000-04-01,49.5,50,,900,88.3175,chirps-v2.0.2000.04.tif
50416,21190030,TIBACUY [21190030],4.348055556,-74.45447222,1635,Pluviográfica,INSTITUTO DE HIDROLOGIA METEOROLOGIA Y ESTUDIOS AMBIENTALES,Area Operativa 11 - Cundinamarca-Amazonas,Cundinamarca,Tibacuy,1986-10-15,,PRECIPITACION,PTPM_TT_M,Precipitación total mensual,Mensual,2000-04-01,29.1,50,,900,92.0841,chirps-v2.0.2000.04.tif
51228,21205420,TIBAITATA [21205420],4.691416667,-74.209,2543,Agrometeorológica,INSTITUTO DE HIDROLOGIA METEOROLOGIA Y ESTUDIOS AMBIENTALES,Area Operativa 11 - Cundinamarca-Amazonas,Cundinamarca,Mosquera,1954-03-15,,PRECIPITACION,PTPM_TT_M,Precipitación total mensual,Mensual,2000-04-01,65.3,50,,900,51.46419,chirps-v2.0.2000.04.tif
51727,21201270,TIBAR EL [21201270],4.816666667,-74.23333333,2550,Pluviométrica,INSTITUTO DE HIDROLOGIA METEOROLOGIA Y ESTUDIOS AMBIENTALES,Area Operativa 11 - Cundinamarca-Amazonas,Cundinamarca,Madrid,1980-12-15,2002-02-15 00:00:00,PRECIPITACION,PTPM_TT_M,Precipitación total mensual,Mensual,2000-04-01,80.6,50,,900,60.774727,chirps-v2.0.2000.04.tif
52212,21201100,TOCAIMA [21201100],4.466666667,-74.65,490,Pluviométrica,INSTITUTO DE HIDROLOGIA METEOROLOGIA Y ESTUDIOS AMBIENTALES,Area Operativa 11 - Cundinamarca-Amazonas,Cundinamarca,Tocaima,1974-11-15,,PRECIPITACION,PTPM_TT_M,Precipitación total mensual,Mensual,2000-04-01,144.7,50,,900,124.87433,chirps-v2.0.2000.04.tif
52978,35060230,TRES ESQUINAS [35060230],4.781416667,-73.48905556,1943,Pluviométrica,INSTITUTO DE HIDROLOGIA METEOROLOGIA Y ESTUDIOS AMBIENTALES,Area Operativa 11 - Cundinamarca-Amazonas,Cundinamarca,Ubalá,1972-02-15,,PRECIPITACION,PTPM_TT_M,Precipitación total mensual,Mensual,2000-04-01,155.5,50,,900,185.0817,chirps-v2.0.2000.04.tif
53561,21201850,TRIBUNA LA  [21201850],4.85,-74.41666667,2723,Pluviográfica,CORPORACION AUTONOMA REGIONAL DE CUNDINAMARCA,Area Operativa 11 - Cundinamarca-Amazonas,Cundinamarca,Facatativá,1992-06-15,,PRECIPITACION,PTPM_TT_M,Precipitación total mensual,Mensual,2000-04-01,102.2,50,,900,125.870766,chirps-v2.0.2000.04.tif
54010,23060140,TUSCOLO EL [23060140],5.069444444,-74.608055556,985,Pluviométrica,INSTITUTO DE HIDROLOGIA METEOROLOGIA Y ESTUDIOS AMBIENTALES,Area Operativa 11 - Cundinamarca-Amazonas,Cundinamarca,Guaduas,1971-02-15,,PRECIPITACION,PTPM_TT_M,Precipitación total mensual,Mensual,2000-04-01,137.7,50,,900,157.78964,chirps-v2.0.2000.04.tif
54722,35060180,UBALA [35060180],4.752388889,-73.52858333,1929,Pluviométrica,INSTITUTO DE HIDROLOGIA METEOROLOGIA Y ESTUDIOS AMBIENTALES,Area Operativa 11 - Cundinamarca-Amazonas,Cundinamarca,Ubalá,1959-08-15,,PRECIPITACION,PTPM_TT_M,Precipitación total mensual,Mensual,2000-04-01,142.6,50,,900,156.9632,chirps-v2.0.2000.04.tif
55133,24011090,UBATE GRANJA [24011090],5.327333333,-73.79144444,2555,Pluviográfica,INSTITUTO DE HIDROLOGIA METEOROLOGIA Y ESTUDIOS AMBIENTALES,Area Operativa 11 - Cundinamarca-Amazonas,Cundinamarca,Ubaté,1987-05-15,2010-03-31 00:00:00,PRECIPITACION,PTPM_TT_M,Precipitación total mensual,Mensual,2000-04-01,24.1,4,,900,64.56008,chirps-v2.0.2000.04.tif
55880,35020420,UNE  [35020420],4.4,-74.01666667,2430,Pluviométrica,EMPRESA DE ACUEDUCTO Y ALCANTARILLADO DE BOGOTA E.S.P,Area Operativa 11 - Cundinamarca-Amazonas,Cundinamarca,Une,1947-01-15,,PRECIPITACION,PTPM_TT_M,Precipitación total mensual,Mensual,2000-04-01,112.7,50,,900,108.940125,chirps-v2.0.2000.04.tif
56190,21201320,UNION LA [21201320],4.509361111,-74.26880556,2640,Pluviométrica,INSTITUTO DE HIDROLOGIA METEOROLOGIA Y ESTUDIOS AMBIENTALES,Area Operativa 11 - Cundinamarca-Amazonas,Cundinamarca,Sibaté,1985-03-15,,PRECIPITACION,PTPM_TT_M,Precipitación total mensual,Mensual,2000-04-01,25.5,50,,900,72.66082,chirps-v2.0.2000.04.tif
56886,21200550,UNION LA-EL ROSAL  [21200550],4.866666667,-74.25,2725,Pluviométrica,CORPORACION AUTONOMA REGIONAL DE CUNDINAMARCA,Area Operativa 11 - Cundinamarca-Amazonas,Cundinamarca,Subachoque,1960-01-15,,PRECIPITACION,PTPM_TT_M,Precipitación total mensual,Mensual,2000-04-01,48.5,50,,900,78.18118,chirps-v2.0.2000.04.tif
57030,21195140,UNIV FUSAGASUGA  [21195140],4.333333333,-74.36666667,1720,Climática Principal,CORPORACION AUTONOMA REGIONAL DE CUNDINAMARCA,Area Operativa 11 - Cundinamarca-Amazonas,Cundinamarca,Fusagasugá,1996-06-15,,PRECIPITACION,PTPM_TT_M,Precipitación total mensual,Mensual,2000-04-01,45.4,50,,900,77.68504,chirps-v2.0.2000.04.tif
57454,23060190,UTICA [23060190],5.196083333,-74.4855,497,Pluviométrica,INSTITUTO DE HIDROLOGIA METEOROLOGIA Y ESTUDIOS AMBIENTALES,Area Operativa 11 - Cundinamarca-Amazonas,Cundinamarca,Útica,1974-09-15,,PRECIPITACION,PTPM_TT_M,Precipitación total mensual,Mensual,2000-04-01,88.2,50,,900,205.18556,chirps-v2.0.2000.04.tif
58258,35060120,VEGA LA SAN JUAN [35060120],4.723305556,-73.47055556,1791,Pluviométrica,INSTITUTO DE HIDROLOGIA METEOROLOGIA Y ESTUDIOS AMBIENTALES,Area Operativa 11 - Cundinamarca-Amazonas,Cundinamarca,Gachalá,1972-02-15,,PRECIPITACION,PTPM_TT_M,Precipitación total mensual,Mensual,2000-04-01,260.9,50,,900,217.26068,chirps-v2.0.2000.04.tif
58825,21206290,VENECIA  [21206290],4.866666667,-74.41666667,2673,Climática Principal,CORPORACION AUTONOMA REGIONAL DE CUNDINAMARCA,Area Operativa 11 - Cundinamarca-Amazonas,Cundinamarca,Facatativá,1986-12-15,,PRECIPITACION,PTPM_TT_M,Precipitación total mensual,Mensual,2000-04-01,65.3,50,,900,125.870766,chirps-v2.0.2000.04.tif
59552,21200260,VENTALARGA  [21200260],5.066666667,-74.05,3062,Pluviográfica,CORPORACION AUTONOMA REGIONAL DE CUNDINAMARCA,Area Operativa 11 - Cundinamarca-Amazonas,Cundinamarca,Zipaquirá,1947-06-15,,PRECIPITACION,PTPM_TT_M,Precipitación total mensual,Mensual,2000-04-01,65.9,50,,900,68.852615,chirps-v2.0.2000.04.tif
59985,21206400,VICTORIA LA  [21206400],4.466666667,-74.6,380,Climática Principal,CORPORACION AUTONOMA REGIONAL DE CUNDINAMARCA,Area Operativa 10 - Tolima,Cundinamarca,Tocaima,1986-12-15,,PRECIPITACION,PTPM_TT_M,Precipitación total mensual,Mensual,2000-04-01,111.4,50,,900,114.86426,chirps-v2.0.2000.04.tif
60160,21205940,VILLA INES  - AUT [21205940],4.83211,-74.38056,2590,Climática Principal,INSTITUTO DE HIDROLOGIA METEOROLOGIA Y ESTUDIOS AMBIENTALES,Area Operativa 11 - Cundinamarca-Amazonas,Cundinamarca,Facatativá,1977-02-15,,PRECIPITACION,PTPM_TT_M,Precipitación total mensual,Mensual,2000-04-01,41.3,50,,900,105.93652,chirps-v2.0.2000.04.tif
60495,21201880,VILLA PAULA  [21201880],4.933333333,-74.08333333,2750,Pluviográfica,CORPORACION AUTONOMA REGIONAL DE CUNDINAMARCA,Area Operativa 11 - Cundinamarca-Amazonas,Cundinamarca,Tabio,1992-01-15,,PRECIPITACION,PTPM_TT_M,Precipitación total mensual,Mensual,2000-04-01,65.2,50,,900,60.88506,chirps-v2.0.2000.04.tif
60629,23125150,VILLAGOMEZ [23125150],5.27175,-74.19677778,1575,Pluviométrica,INSTITUTO DE HIDROLOGIA METEOROLOGIA Y ESTUDIOS AMBIENTALES,Area Operativa 11 - Cundinamarca-Amazonas,Cundinamarca,Villagómez,1997-08-15,,PRECIPITACION,PTPM_TT_M,Precipitación total mensual,Mensual,2000-04-01,287.6,50,,900,165.08493,chirps-v2.0.2000.04.tif
61441,21200430,VILLAPINZON  [21200430],5.2,-73.6,2700,Pluviográfica,CORPORACION AUTONOMA REGIONAL DE CUNDINAMARCA,Area Operativa 11 - Cundinamarca-Amazonas,Cundinamarca,Villapinzón,1951-07-15,,PRECIPITACION,PTPM_TT_M,Precipitación total mensual,Mensual,2000-04-01,47.7,50,,900,53.812447,chirps-v2.0.2000.04.tif
61668,21201640,VILLAPINZON GRANJA [21201640],5.26375,-73.59086111,2745,Pluviográfica,INSTITUTO DE HIDROLOGIA METEOROLOGIA Y ESTUDIOS AMBIENTALES,Area Operativa 11 - Cundinamarca-Amazonas,Cundinamarca,Villapinzón,1987-05-15,,PRECIPITACION,PTPM_TT_M,Precipitación total mensual,Mensual,2000-04-01,42.7,50,,900,61.76813,chirps-v2.0.2000.04.tif
62533,21201090,VIOTA [21201090],4.442694444,-74.54225,567,Pluviométrica,INSTITUTO DE HIDROLOGIA METEOROLOGIA Y ESTUDIOS AMBIENTALES,Area Operativa 11 - Cundinamarca-Amazonas,Cundinamarca,Viotá,1974-11-15,,PRECIPITACION,PTPM_TT_M,Precipitación total mensual,Mensual,2000-04-01,163.0,50,,900,102.04468,chirps-v2.0.2000.04.tif
63462,21200740,ZIPAQUIRA  [21200740],5.016666667,-74.0,2655,Pluviográfica,CORPORACION AUTONOMA REGIONAL DE CUNDINAMARCA,Area Operativa 11 - Cundinamarca-Amazonas,Cundinamarca,Zipaquirá,1960-02-15,,PRECIPITACION,PTPM_TT_M,Precipitación total mensual,Mensual,2000-04-01,77.7,50,,900,61.95148,chirps-v2.0.2000.04.tif
64059,35070110,GUAYATA LA GRANJA [35070110],4.976083333,-73.49930556,1580,Pluviográfica,INSTITUTO DE HIDROLOGIA METEOROLOGIA Y ESTUDIOS AMBIENTALES,Area Operativa 06 - Boyacá-Casanare-Vichada,Boyacá,Guayatá,1971-07-15,,PRECIPITACION,PTPM_TT_M,Precipitación total mensual,Mensual,2000-04-01,49.2,50,,900,93.66443,chirps-v2.0.2000.04.tif
64853,21201770,ANCLAJE 14  [21201770],4.6,-74.4,1110,Pluviográfica,CORPORACION AUTONOMA REGIONAL DE CUNDINAMARCA,Area Operativa 11 - Cundinamarca-Amazonas,Bogota,"Bogota, D.C",1987-12-15,,PRECIPITACION,PTPM_TT_M,Precipitación total mensual,Mensual,2000-04-01,0.0,50,,900,79.40939,chirps-v2.0.2000.04.tif
66153,21200080,ARRAYAN-SAN FCO  [21200080],4.583333333,-74.03333333,3047,Pluviométrica,EMPRESA DE ACUEDUCTO Y ALCANTARILLADO DE BOGOTA E.S.P,Area Operativa 11 - Cundinamarca-Amazonas,Bogota,"Bogota, D.C",1925-01-15,,PRECIPITACION,PTPM_TT_M,Precipitación total mensual,Mensual,2000-04-01,88.2,50,,900,75.76267,chirps-v2.0.2000.04.tif
66466,21201300,AUSTRALIA [21201300],4.39425,-74.132,3050,Pluviométrica,INSTITUTO DE HIDROLOGIA METEOROLOGIA Y ESTUDIOS AMBIENTALES,Area Operativa 11 - Cundinamarca-Amazonas,Bogota,"Bogota, D.C",1985-03-15,,PRECIPITACION,PTPM_TT_M,Precipitación total mensual,Mensual,2000-04-01,99.8,50,,900,79.249954,chirps-v2.0.2000.04.tif
66907,35020350,BETANIA [35020350],4.218888889,-74.14686111,3150,Pluviométrica,INSTITUTO DE HIDROLOGIA METEOROLOGIA Y ESTUDIOS AMBIENTALES,Area Operativa 11 - Cundinamarca-Amazonas,Bogota,"Bogota, D.C",1986-01-15,,PRECIPITACION,PTPM_TT_M,Precipitación total mensual,Mensual,2000-04-01,26.2,50,,900,116.915405,chirps-v2.0.2000.04.tif
67885,21200190,BOCA GRANDE  [21200190],4.333333333,-74.13333333,3460,Pluviométrica,EMPRESA DE ACUEDUCTO Y ALCANTARILLADO DE BOGOTA E.S.P,Area Operativa 11 - Cundinamarca-Amazonas,Bogota,"Bogota, D.C",1941-08-15,,PRECIPITACION,PTPM_TT_M,Precipitación total mensual,Mensual,2000-04-01,121.1,50,,900,88.66639,chirps-v2.0.2000.04.tif
68517,21206260,C.UNIV.AGROP-UDCA [21206260],4.798638889,-74.04972222,2570,Climática Ordinaria,INSTITUTO DE HIDROLOGIA METEOROLOGIA Y ESTUDIOS AMBIENTALES,Area Operativa 11 - Cundinamarca-Amazonas,Bogota,"Bogota, D.C",1988-12-15,,PRECIPITACION,PTPM_TT_M,Precipitación total mensual,Mensual,2000-04-01,36.1,50,,900,65.34419,chirps-v2.0.2000.04.tif
69051,21205690,CAMAVIEJA  [21205690],4.616666667,-74.1,2680,Climática Ordinaria,EMPRESA DE ACUEDUCTO Y ALCANTARILLADO DE BOGOTA E.S.P,Area Operativa 11 - Cundinamarca-Amazonas,Bogota,"Bogota, D.C",1957-11-15,,PRECIPITACION,PTPM_TT_M,Precipitación total mensual,Mensual,2000-04-01,47.4,50,,900,58.515938,chirps-v2.0.2000.04.tif
69473,21201970,CASABLANCA  [21201970],4.566666667,-74.16666667,2665,Pluviométrica,EMPRESA DE ACUEDUCTO Y ALCANTARILLADO DE BOGOTA E.S.P,Area Operativa 11 - Cundinamarca-Amazonas,Bogota,"Bogota, D.C",1976-05-15,,PRECIPITACION,PTPM_TT_M,Precipitación total mensual,Mensual,2000-04-01,44.7,50,,900,68.5676,chirps-v2.0.2000.04.tif
70261,21200310,CERRO DE SUBA  [21200310],4.75,-74.06666667,2691,Pluviométrica,EMPRESA DE ACUEDUCTO Y ALCANTARILLADO DE BOGOTA E.S.P,Area Operativa 11 - Cundinamarca-Amazonas,Bogota,"Bogota, D.C",1947-09-15,,PRECIPITACION,PTPM_TT_M,Precipitación total mensual,Mensual,2000-04-01,22.3,50,,900,65.19626,chirps-v2.0.2000.04.tif
70840,21200850,CISACA  [21200850],4.483333333,-74.08333333,2880,Pluviográfica,CORPORACION AUTONOMA REGIONAL DE CUNDINAMARCA,Area Operativa 11 - Cundinamarca-Amazonas,Bogota,"Bogota, D.C",1962-12-15,,PRECIPITACION,PTPM_TT_M,Precipitación total mensual,Mensual,2000-04-01,78.8,4,,900,84.11997,chirps-v2.0.2000.04.tif
71028,21206500,COL ABRAHAM LINCOL [21206500],4.756638889,-74.06158333,2570,Climática Ordinaria,INSTITUTO DE HIDROLOGIA METEOROLOGIA Y ESTUDIOS AMBIENTALES,Area Operativa 11 - Cundinamarca-Amazonas,Bogota,"Bogota, D.C",1994-10-15,2009-11-03 00:00:00,PRECIPITACION,PTPM_TT_M,Precipitación total mensual,Mensual,2000-04-01,29.8,50,,900,65.19626,chirps-v2.0.2000.04.tif
71734,21202080,CONEJERA LA  [21202080],4.766666667,-74.06666667,2500,Pluviográfica,EMPRESA DE ACUEDUCTO Y ALCANTARILLADO DE BOGOTA E.S.P,Area Operativa 11 - Cundinamarca-Amazonas,Bogota,"Bogota, D.C",1990-05-15,,PRECIPITACION,PTPM_TT_M,Precipitación total mensual,Mensual,2000-04-01,28.3,50,,900,65.19626,chirps-v2.0.2000.04.tif
73027,21200130,DELIRIO  [21200130],4.55,-74.05,3000,Pluviométrica,EMPRESA DE ACUEDUCTO Y ALCANTARILLADO DE BOGOTA E.S.P,Area Operativa 11 - Cundinamarca-Amazonas,Bogota,"Bogota, D.C",1933-05-15,,PRECIPITACION,PTPM_TT_M,Precipitación total mensual,Mensual,2000-04-01,99.5,50,,900,75.24713,chirps-v2.0.2000.04.tif
73293,21206300,DONA JUANA  [21206300],4.5,-74.16666667,2700,Climática Principal,CORPORACION AUTONOMA REGIONAL DE CUNDINAMARCA,Area Operativa 11 - Cundinamarca-Amazonas,Bogota,"Bogota, D.C",1989-03-15,,PRECIPITACION,PTPM_TT_M,Precipitación total mensual,Mensual,2000-04-01,75.6,50,,900,71.318886,chirps-v2.0.2000.04.tif
73949,21205791,ELDORADO CATAM - AUT [21205791],4.705583333,-74.15066667,2547,Sinóptica Principal,INSTITUTO DE HIDROLOGIA METEOROLOGIA Y ESTUDIOS AMBIENTALES,Area Operativa 11 - Cundinamarca-Amazonas,Bogota,"Bogota, D.C",2002-10-31,,PRECIPITACION,PTPM_TT_M,Precipitación total mensual,Mensual,2000-04-01,57.5,50,,900,49.530457,chirps-v2.0.2000.04.tif
76740,21202130,CEDRAL EL  [21202130],5.066666667,-74.0,2650,Pluviométrica,CORPORACION AUTONOMA REGIONAL DE CUNDINAMARCA,Area Operativa 11 - Cundinamarca-Amazonas,Cundinamarca,Cogua,1997-12-15,,PRECIPITACION,PTPM_TT_M,Precipitación total mensual,Mensual,2000-04-01,81.7,50,,900,66.81353,chirps-v2.0.2000.04.tif
77556,21206050,ESCUELA COL INGENIERIA [21206050],4.783333333,-74.05,2650,Climática Principal,INSTITUTO DE HIDROLOGIA METEOROLOGIA Y ESTUDIOS AMBIENTALES,Area Operativa 11 - Cundinamarca-Amazonas,Bogota,"Bogota, D.C",1986-04-15,2008-12-10 00:00:00,PRECIPITACION,PTPM_TT_M,Precipitación total mensual,Mensual,2000-04-01,42.7,50,,900,65.19626,chirps-v2.0.2000.04.tif
77819,21201200,ESCUELA LA UNION [21201200],4.34264,-74.18381,3378,Climática Ordinaria,INSTITUTO DE HIDROLOGIA METEOROLOGIA Y ESTUDIOS AMBIENTALES,Area Operativa 11 - Cundinamarca-Amazonas,Bogota,"Bogota, D.C",2007-08-01,,PRECIPITACION,PTPM_TT_M,Precipitación total mensual,Mensual,2000-04-01,48.4,50,,900,83.02985,chirps-v2.0.2000.04.tif
78644,21202120,FONTIBON ACUEDUCTO  [21202120],4.666666667,-74.15,2545,Pluviométrica,EMPRESA DE ACUEDUCTO Y ALCANTARILLADO DE BOGOTA E.S.P,Area Operativa 11 - Cundinamarca-Amazonas,Bogota,"Bogota, D.C",1955-09-15,,PRECIPITACION,PTPM_TT_M,Precipitación total mensual,Mensual,2000-04-01,41.6,50,,900,58.2957,chirps-v2.0.2000.04.tif
79385,21200320,GRANIZO  [21200320],4.616666667,-74.05,3125,Pluviométrica,EMPRESA DE ACUEDUCTO Y ALCANTARILLADO DE BOGOTA E.S.P,Area Operativa 11 - Cundinamarca-Amazonas,Bogota,"Bogota, D.C",1947-09-15,,PRECIPITACION,PTPM_TT_M,Precipitación total mensual,Mensual,2000-04-01,125.6,50,,900,64.62468,chirps-v2.0.2000.04.tif
79677,21201980,GUADALUPE  - AUT  [21201980],4.59157,-74.05471,3227,Climática Ordinaria,FONDO DE PREVENCION Y ATENCION DE DESASTRES DE BOGOTA DC - FOPAE,Area Operativa 11 - Cundinamarca-Amazonas,Bogota,"Bogota, D.C",2007-09-01,,PRECIPITACION,PTPM_TT_M,Precipitación total mensual,Mensual,2000-04-01,0.0,50,,900,75.24713,chirps-v2.0.2000.04.tif
80548,21200200,HATO EL  [21200200],4.383333333,-74.18333333,3150,Pluviométrica,EMPRESA DE ACUEDUCTO Y ALCANTARILLADO DE BOGOTA E.S.P,Area Operativa 11 - Cundinamarca-Amazonas,Bogota,"Bogota, D.C",1928-06-15,,PRECIPITACION,PTPM_TT_M,Precipitación total mensual,Mensual,2000-04-01,60.0,50,,900,74.14815,chirps-v2.0.2000.04.tif
81253,21206560,INEM KENNEDY [21206560],4.661111111,-74.13477778,2580,Climática Ordinaria,INSTITUTO DE HIDROLOGIA METEOROLOGIA Y ESTUDIOS AMBIENTALES,Area Operativa 11 - Cundinamarca-Amazonas,Bogota,"Bogota, D.C",1998-07-15,,PRECIPITACION,PTPM_TT_M,Precipitación total mensual,Mensual,2000-04-01,57.1,50,,900,49.325665,chirps-v2.0.2000.04.tif
81935,21205710,JARDIN BOTANICO  - AUT [21205710],4.669333333,-74.10266667,2552,Climática Principal,INSTITUTO DE HIDROLOGIA METEOROLOGIA Y ESTUDIOS AMBIENTALES,Area Operativa 11 - Cundinamarca-Amazonas,Bogota,"Bogota, D.C",1974-09-15,,PRECIPITACION,PTPM_TT_M,Precipitación total mensual,Mensual,2000-04-01,85.5,50,,900,49.325665,chirps-v2.0.2000.04.tif
82598,21202040,JUAN REY  [21202040],4.516666667,-74.08333333,2682,Pluviográfica,FONDO DE PREVENCION Y ATENCION DE DESASTRES DE BOGOTA DC - FOPAE,Area Operativa 11 - Cundinamarca-Amazonas,Bogota,"Bogota, D.C",1990-08-15,,PRECIPITACION,PTPM_TT_M,Precipitación total mensual,Mensual,2000-04-01,94.9,50,,900,82.66043,chirps-v2.0.2000.04.tif
84761,21201560,PICOTA LA  [21201560],4.566666667,-74.13333333,2580,Pluviográfica,CORPORACION AUTONOMA REGIONAL DE CUNDINAMARCA,Area Operativa 11 - Cundinamarca-Amazonas,Bogota,"Bogota, D.C",1980-06-15,,PRECIPITACION,PTPM_TT_M,Precipitación total mensual,Mensual,2000-04-01,21.5,50,,900,68.48136,chirps-v2.0.2000.04.tif
85013,21202050,QUIBA  [21202050],4.533333333,-74.16666667,3000,Pluviográfica,EMPRESA DE ACUEDUCTO Y ALCANTARILLADO DE BOGOTA E.S.P,Area Operativa 11 - Cundinamarca-Amazonas,Bogota,"Bogota, D.C",1990-01-15,,PRECIPITACION,PTPM_TT_M,Precipitación total mensual,Mensual,2000-04-01,44.2,50,,900,71.318886,chirps-v2.0.2000.04.tif
86188,21200340,REGADERA 2 LA  [21200340],4.4,-74.15,3056,Pluviométrica,EMPRESA DE ACUEDUCTO Y ALCANTARILLADO DE BOGOTA E.S.P,Area Operativa 11 - Cundinamarca-Amazonas,Bogota,"Bogota, D.C",1948-01-15,,PRECIPITACION,PTPM_TT_M,Precipitación total mensual,Mensual,2000-04-01,86.8,50,,900,68.81824,chirps-v2.0.2000.04.tif
86619,21201960,SALITRE CASA BOMBA  [21201960],4.666666667,-74.06666667,2580,Pluviográfica,EMPRESA DE ACUEDUCTO Y ALCANTARILLADO DE BOGOTA E.S.P,Area Operativa 11 - Cundinamarca-Amazonas,Bogota,"Bogota, D.C",1975-01-15,,PRECIPITACION,PTPM_TT_M,Precipitación total mensual,Mensual,2000-04-01,6.4,50,,900,56.408867,chirps-v2.0.2000.04.tif
87334,21200230,SAN DIEGO  [21200230],4.616666667,-74.06666667,2700,Pluviométrica,EMPRESA DE ACUEDUCTO Y ALCANTARILLADO DE BOGOTA E.S.P,Area Operativa 11 - Cundinamarca-Amazonas,Bogota,"Bogota, D.C",1945-12-15,,PRECIPITACION,PTPM_TT_M,Precipitación total mensual,Mensual,2000-04-01,112.6,50,,900,64.62468,chirps-v2.0.2000.04.tif
88224,21200400,SAN LUIS 1 Y 2  [21200400],4.633333333,-74.03333333,3000,Pluviográfica,EMPRESA DE ACUEDUCTO Y ALCANTARILLADO DE BOGOTA E.S.P,Area Operativa 11 - Cundinamarca-Amazonas,Bogota,"Bogota, D.C",1936-02-15,,PRECIPITACION,PTPM_TT_M,Precipitación total mensual,Mensual,2000-04-01,218.2,4,,900,64.136185,chirps-v2.0.2000.04.tif
88916,21202070,SAUCEDAL 2  [21202070],4.65,-74.15,2900,Pluviométrica,EMPRESA DE ACUEDUCTO Y ALCANTARILLADO DE BOGOTA E.S.P,Area Operativa 11 - Cundinamarca-Amazonas,Bogota,"Bogota, D.C",1990-04-15,,PRECIPITACION,PTPM_TT_M,Precipitación total mensual,Mensual,2000-04-01,52.5,50,,900,58.2957,chirps-v2.0.2000.04.tif
89212,21201600,SEDE IDEAM KRA 10 [21201600],4.607111111,-74.07288889,2685,Pluviográfica,INSTITUTO DE HIDROLOGIA METEOROLOGIA Y ESTUDIOS AMBIENTALES,Area Operativa 11 - Cundinamarca-Amazonas,Bogota,"Bogota, D.C",1986-09-15,2019-05-03 14:58:00,PRECIPITACION,PTPM_TT_M,Precipitación total mensual,Mensual,2000-04-01,110.7,50,,900,64.62468,chirps-v2.0.2000.04.tif
89559,21202020,SERREZUELA  [21202020],4.766666667,-74.01666667,2800,Pluviográfica,EMPRESA DE ACUEDUCTO Y ALCANTARILLADO DE BOGOTA E.S.P,Area Operativa 11 - Cundinamarca-Amazonas,Bogota,"Bogota, D.C",1989-11-15,,PRECIPITACION,PTPM_TT_M,Precipitación total mensual,Mensual,2000-04-01,95.5,50,,900,65.34419,chirps-v2.0.2000.04.tif
90213,21200520,STA LUCIA  [21200520],4.566666667,-74.11666667,2630,Pluviométrica,EMPRESA DE ACUEDUCTO Y ALCANTARILLADO DE BOGOTA E.S.P,Area Operativa 11 - Cundinamarca-Amazonas,Bogota,"Bogota, D.C",1956-07-15,,PRECIPITACION,PTPM_TT_M,Precipitación total mensual,Mensual,2000-04-01,39.0,50,,900,68.48136,chirps-v2.0.2000.04.tif
90861,21200770,TORCA  [21200770],4.783333333,-74.03333333,2579,Pluviométrica,CORPORACION AUTONOMA REGIONAL DE CUNDINAMARCA,Area Operativa 11 - Cundinamarca-Amazonas,Bogota,"Bogota, D.C",1960-02-15,,PRECIPITACION,PTPM_TT_M,Precipitación total mensual,Mensual,2000-04-01,76.5,50,,900,65.34419,chirps-v2.0.2000.04.tif
91452,21206190,UNIV PEDAGOGICA [21206190],4.666666667,-74.06666667,2570,Climática Ordinaria,INSTITUTO DE HIDROLOGIA METEOROLOGIA Y ESTUDIOS AMBIENTALES,Area Operativa 11 - Cundinamarca-Amazonas,Bogota,"Bogota, D.C",1986-11-15,2008-12-10 00:00:00,PRECIPITACION,PTPM_TT_M,Precipitación total mensual,Mensual,2000-04-01,83.1,50,,900,56.408867,chirps-v2.0.2000.04.tif
91611,21205012,UNIVERSIDAD NACIONAL  - AUT [21205012],4.63723,-74.08892,2556,Climática Principal,INSTITUTO DE HIDROLOGIA METEOROLOGIA Y ESTUDIOS AMBIENTALES,Area Operativa 11 - Cundinamarca-Amazonas,Bogota,"Bogota, D.C",2004-08-19,,PRECIPITACION,PTPM_TT_M,Precipitación total mensual,Mensual,2000-04-01,52.3,50,,900,64.62468,chirps-v2.0.2000.04.tif
92246,21206230,VEGAS LAS HACIENDA [21206230],4.661666667,-74.15141944,2543,Climática Ordinaria,INSTITUTO DE HIDROLOGIA METEOROLOGIA Y ESTUDIOS AMBIENTALES,Area Operativa 11 - Cundinamarca-Amazonas,Bogota,"Bogota, D.C",1987-08-15,2011-05-10 00:00:00,PRECIPITACION,PTPM_TT_M,Precipitación total mensual,Mensual,2000-04-01,53.2,4,,900,58.2957,chirps-v2.0.2000.04.tif
92695,21205580,VENADO ORO VIVERO [21205580],4.598361111,-74.06155556,2725,Climática Ordinaria,INSTITUTO DE HIDROLOGIA METEOROLOGIA Y ESTUDIOS AMBIENTALES,Area Operativa 11 - Cundinamarca-Amazonas,Bogota,"Bogota, D.C",1965-08-15,,PRECIPITACION,PTPM_TT_M,Precipitación total mensual,Mensual,2000-04-01,127.1,4,,900,75.24713,chirps-v2.0.2000.04.tif
93573,21200240,VERJON EL  [21200240],4.583333333,-74.01666667,3250,Pluviométrica,EMPRESA DE ACUEDUCTO Y ALCANTARILLADO DE BOGOTA E.S.P,Area Operativa 11 - Cundinamarca-Amazonas,Bogota,"Bogota, D.C",1946-02-15,,PRECIPITACION,PTPM_TT_M,Precipitación total mensual,Mensual,2000-04-01,67.3,50,,900,75.76267,chirps-v2.0.2000.04.tif
94734,21205240,VITELMA  [21205240],4.566666667,-74.06666667,2682,Climática Ordinaria,EMPRESA DE ACUEDUCTO Y ALCANTARILLADO DE BOGOTA E.S.P,Area Operativa 11 - Cundinamarca-Amazonas,Bogota,"Bogota, D.C",1941-05-15,,PRECIPITACION,PTPM_TT_M,Precipitación total mensual,Mensual,2000-04-01,94.0,50,,900,75.24713,chirps-v2.0.2000.04.tif
94978,35030010,EL CALVARIO [35030010],4.35259,-73.71319,1902,Pluviográfica,INSTITUTO DE HIDROLOGIA METEOROLOGIA Y ESTUDIOS AMBIENTALES,Area Operativa 03 - Meta-Guaviare-Guainía,Meta,El Calvario,1968-10-15,,PRECIPITACION,PTPM_TT_M,Precipitación total mensual,Mensual,2000-04-01,210.0,50,,1200,206.85852,chirps-v2.0.2000.04.tif
95584,35030020,MONFORT [35030020],4.310083333,-73.64802778,1100,Pluviométrica,INSTITUTO DE HIDROLOGIA METEOROLOGIA Y ESTUDIOS AMBIENTALES,Area Operativa 03 - Meta-Guaviare-Guainía,Meta,El Calvario,1968-08-15,,PRECIPITACION,PTPM_TT_M,Precipitación total mensual,Mensual,2000-04-01,449.0,50,,1200,341.79422,chirps-v2.0.2000.04.tif
96324,21185040,AEROPUERTO SANTIAGO VILA [21185040],4.275444444,-74.798,305,Climática Principal,INSTITUTO DE HIDROLOGIA METEOROLOGIA Y ESTUDIOS AMBIENTALES,Area Operativa 10 - Tolima,Tolima,Flandes,1951-01-15,,PRECIPITACION,PTPM_TT_M,Precipitación total mensual,Mensual,2000-04-01,140.4,50,,1200,159.24327,chirps-v2.0.2000.04.tif
96788,21250610,ALSACIA [21250610],4.85,-74.78333333,310,Pluviométrica,INSTITUTO DE HIDROLOGIA METEOROLOGIA Y ESTUDIOS AMBIENTALES,Area Operativa 10 - Tolima,Tolima,Ambalema,1983-07-15,2002-02-15 00:00:00,PRECIPITACION,PTPM_TT_M,Precipitación total mensual,Mensual,2000-04-01,33.0,50,,900,129.99666,chirps-v2.0.2000.04.tif
96970,21195080,BASE AEREA MELGAR [21195080],4.212222222,-74.63683333,319,Climática Ordinaria,INSTITUTO DE HIDROLOGIA METEOROLOGIA Y ESTUDIOS AMBIENTALES,Area Operativa 10 - Tolima,Tolima,Melgar,1973-03-15,2014-08-28 00:00:00,PRECIPITACION,PTPM_TT_M,Precipitación total mensual,Mensual,2000-04-01,166.4,50,,900,117.640045,chirps-v2.0.2000.04.tif
97325,21250590,BOCATOMA C CENTRAL [21250590],4.783333333,-74.78333333,310,Pluviométrica,INSTITUTO DE HIDROLOGIA METEOROLOGIA Y ESTUDIOS AMBIENTALES,Area Operativa 10 - Tolima,Tolima,Ambalema,1983-07-15,2002-02-15 00:00:00,PRECIPITACION,PTPM_TT_M,Precipitación total mensual,Mensual,2000-04-01,147.0,50,,900,113.112434,chirps-v2.0.2000.04.tif
97575,21250540,BOCATOMA C NORTE [21250540],4.783333333,-74.8,340,Pluviométrica,INSTITUTO DE HIDROLOGIA METEOROLOGIA Y ESTUDIOS AMBIENTALES,Area Operativa 10 - Tolima,Tolima,Ambalema,1983-07-15,2002-02-15 00:00:00,PRECIPITACION,PTPM_TT_M,Precipitación total mensual,Mensual,2000-04-01,143.0,50,,900,140.14037,chirps-v2.0.2000.04.tif
97806,21250580,BOQUERON [21250580],4.8,-74.83333333,405,Pluviométrica,INSTITUTO DE HIDROLOGIA METEOROLOGIA Y ESTUDIOS AMBIENTALES,Area Operativa 10 - Tolima,Tolima,Ambalema,1983-07-15,2002-02-15 00:00:00,PRECIPITACION,PTPM_TT_M,Precipitación total mensual,Mensual,2000-04-01,132.0,50,,900,144.068,chirps-v2.0.2000.04.tif
98218,21250430,CAMPAMENTO AMBALEM [21250430],4.783333333,-74.76666667,241,Pluviométrica,INSTITUTO DE HIDROLOGIA METEOROLOGIA Y ESTUDIOS AMBIENTALES,Area Operativa 10 - Tolima,Tolima,Ambalema,1968-07-15,2002-02-15 00:00:00,PRECIPITACION,PTPM_TT_M,Precipitación total mensual,Mensual,2000-04-01,111.0,50,,900,113.112434,chirps-v2.0.2000.04.tif
98686,21170020,DOS AGUAS LAS [21170020],4.258277778,-74.78361111,3394,Pluviométrica,INSTITUTO DE HIDROLOGIA METEOROLOGIA Y ESTUDIOS AMBIENTALES,Area Operativa 10 - Tolima,Tolima,Suárez,1951-01-15,,PRECIPITACION,PTPM_TT_M,Precipitación total mensual,Mensual,2000-04-01,117.4,50,,1200,159.24327,chirps-v2.0.2000.04.tif
99310,23025020,ESPERANZA LA [23025020],5.262638889,-74.72913889,208,Climática Ordinaria,INSTITUTO DE HIDROLOGIA METEOROLOGIA Y ESTUDIOS AMBIENTALES,Area Operativa 10 - Tolima,Tolima,Honda,1970-10-15,2016-01-06 00:00:00,PRECIPITACION,PTPM_TT_M,Precipitación total mensual,Mensual,2000-04-01,156.3,50,,900,233.61902,chirps-v2.0.2000.04.tif
99680,21250570,IGUACITOS [21250570],4.85,-74.85,375,Pluviométrica,INSTITUTO DE HIDROLOGIA METEOROLOGIA Y ESTUDIOS AMBIENTALES,Area Operativa 10 - Tolima,Tolima,Lérida,1983-07-15,2002-02-15 00:00:00,PRECIPITACION,PTPM_TT_M,Precipitación total mensual,Mensual,2000-04-01,89.8,50,,900,155.2757,chirps-v2.0.2000.04.tif
100122,21190300,SALERO EL [21190300],4.234527778,-74.60663889,650,Pluviométrica,INSTITUTO DE HIDROLOGIA METEOROLOGIA Y ESTUDIOS AMBIENTALES,Area Operativa 10 - Tolima,Tolima,Melgar,1971-11-15,2014-08-28 00:00:00,PRECIPITACION,PTPM_TT_M,Precipitación total mensual,Mensual,2000-04-01,95.0,50,,900,117.640045,chirps-v2.0.2000.04.tif
100610,21255080,SALTO EL [21255080],4.78375,-74.76794444,1139,Climática Principal,INSTITUTO DE HIDROLOGIA METEOROLOGIA Y ESTUDIOS AMBIENTALES,Area Operativa 10 - Tolima,Tolima,Ambalema,1968-11-15,,PRECIPITACION,PTPM_TT_M,Precipitación total mensual,Mensual,2000-04-01,161.7,4,,900,113.112434,chirps-v2.0.2000.04.tif
100986,23060260,CHILAGUA FINCA [23060260],5.064638889,-74.38202778,1500,Pluviométrica,INSTITUTO DE HIDROLOGIA METEOROLOGIA Y ESTUDIOS AMBIENTALES,Area Operativa 11 - Cundinamarca-Amazonas,Cundinamarca,Nocaima,1987-12-15,,PRECIPITACION,PTPM_TT_M,Precipitación total mensual,Mensual,2000-04-01,228.0,50,,900,157.00417,chirps-v2.0.2000.04.tif
102670,35020240,CHOACHI  [35020240],4.533333333,-73.93333333,1950,Pluviográfica,EMPRESA DE ACUEDUCTO Y ALCANTARILLADO DE BOGOTA E.S.P,Area Operativa 11 - Cundinamarca-Amazonas,Cundinamarca,Choachí,1947-08-15,,PRECIPITACION,PTPM_TT_M,Precipitación total mensual,Mensual,2000-04-01,62.0,50,,900,102.430855,chirps-v2.0.2000.04.tif
103023,35020280,CHOACHI [35020280],4.522916667,-73.92658333,1950,Pluviométrica,INSTITUTO DE HIDROLOGIA METEOROLOGIA Y ESTUDIOS AMBIENTALES,Area Operativa 11 - Cundinamarca-Amazonas,Cundinamarca,Choachí,1981-11-15,,PRECIPITACION,PTPM_TT_M,Precipitación total mensual,Mensual,2000-04-01,69.0,50,,900,102.430855,chirps-v2.0.2000.04.tif
104155,35060210,CLARAVAL AUT [35060210],4.65025,-73.64144444,2100,Climática Principal,INSTITUTO DE HIDROLOGIA METEOROLOGIA Y ESTUDIOS AMBIENTALES,Area Operativa 11 - Cundinamarca-Amazonas,Cundinamarca,Junín,1972-02-15,,PRECIPITACION,PTPM_TT_M,Precipitación total mensual,Mensual,2000-04-01,150.0,50,,900,170.29416,chirps-v2.0.2000.04.tif
104996,21201070,CORAZON EL [21201070],4.865361111,-74.28941667,2845,Pluviométrica,INSTITUTO DE HIDROLOGIA METEOROLOGIA Y ESTUDIOS AMBIENTALES,Area Operativa 11 - Cundinamarca-Amazonas,Cundinamarca,Facatativá,1974-07-15,,PRECIPITACION,PTPM_TT_M,Precipitación total mensual,Mensual,2000-04-01,55.7,50,,900,78.18118,chirps-v2.0.2000.04.tif
105577,35030120,CUCHILLA GOLILLAS  [35030120],4.566666667,-73.73333333,3350,Pluviométrica,EMPRESA DE ACUEDUCTO Y ALCANTARILLADO DE BOGOTA E.S.P,Area Operativa 11 - Cundinamarca-Amazonas,Cundinamarca,Fómeque,1969-08-15,,PRECIPITACION,PTPM_TT_M,Precipitación total mensual,Mensual,2000-04-01,204.0,50,,900,145.19742,chirps-v2.0.2000.04.tif
106191,24010140,CUCUNUBA [24010140],5.21957,-73.78229,2818,Pluviométrica,INSTITUTO DE HIDROLOGIA METEOROLOGIA Y ESTUDIOS AMBIENTALES,Area Operativa 11 - Cundinamarca-Amazonas,Cundinamarca,Cucunubá,1958-01-15,2019-11-13 11:27:00,PRECIPITACION,PTPM_TT_M,Precipitación total mensual,Mensual,2000-04-01,45.4,50,,900,51.210056,chirps-v2.0.2000.04.tif
106579,24011080,CUCUNUBA1 [24011080],5.25,-73.77,3,Pluviométrica,INSTITUTO DE HIDROLOGIA METEOROLOGIA Y ESTUDIOS AMBIENTALES,Area Operativa 11 - Cundinamarca-Amazonas,Cundinamarca,Cucunubá,1987-05-15,,PRECIPITACION,PTPM_TT_M,Precipitación total mensual,Mensual,2000-04-01,51.2,50,,900,54.065514,chirps-v2.0.2000.04.tif
107242,35040010,EL RETIRO [35040010],4.338722222,-73.54652778,870,Pluviométrica,INSTITUTO DE HIDROLOGIA METEOROLOGIA Y ESTUDIOS AMBIENTALES,Area Operativa 03 - Meta-Guaviare-Guainía,Cundinamarca,Medina,1968-08-15,,PRECIPITACION,PTPM_TT_M,Precipitación total mensual,Mensual,2000-04-01,594.0,50,,1200,388.8149,chirps-v2.0.2000.04.tif
107929,24010390,EL TRIANGULO  - AUT  [24010390],5.305305556,-73.61930556,2879,Pluviográfica,CORPORACION AUTONOMA REGIONAL DE CUNDINAMARCA,Area Operativa 11 - Cundinamarca-Amazonas,Cundinamarca,Lenguazaque,1963-01-15,,PRECIPITACION,PTPM_TT_M,Precipitación total mensual,Mensual,2000-04-01,54.2,50,,900,66.707794,chirps-v2.0.2000.04.tif
109772,35060100,ESCUELA TENA [35060100],4.712694444,-73.52069444,1650,Pluviográfica,INSTITUTO DE HIDROLOGIA METEOROLOGIA Y ESTUDIOS AMBIENTALES,Area Operativa 11 - Cundinamarca-Amazonas,Cundinamarca,Gachalá,1972-08-15,,PRECIPITACION,PTPM_TT_M,Precipitación total mensual,Mensual,2000-04-01,186.7,50,,900,196.5477,chirps-v2.0.2000.04.tif
110353,21201140,ESPERANZA LA [21201140],4.802166667,-74.17997222,2555,Pluviométrica,INSTITUTO DE HIDROLOGIA METEOROLOGIA Y ESTUDIOS AMBIENTALES,Area Operativa 11 - Cundinamarca-Amazonas,Cundinamarca,Tenjo,1974-07-15,,PRECIPITACION,PTPM_TT_M,Precipitación total mensual,Mensual,2000-04-01,50.4,50,,900,57.954174,chirps-v2.0.2000.04.tif
110781,35070480,ESPERANZA LA [35070480],5.0100278,-73.539444444,1854,Pluviográfica,INSTITUTO DE HIDROLOGIA METEOROLOGIA Y ESTUDIOS AMBIENTALES,Area Operativa 06 - Boyacá-Casanare-Vichada,Cundinamarca,Manta,1982-08-15,,PRECIPITACION,PTPM_TT_M,Precipitación total mensual,Mensual,2000-04-01,55.4,50,,900,75.82077,chirps-v2.0.2000.04.tif
112120,21205670,FLORIDA LA AUT [21205670],4.770888889,-74.43763889,1915,Climática Principal,INSTITUTO DE HIDROLOGIA METEOROLOGIA Y ESTUDIOS AMBIENTALES,Area Operativa 11 - Cundinamarca-Amazonas,Cundinamarca,Anolaima,1970-11-15,,PRECIPITACION,PTPM_TT_M,Precipitación total mensual,Mensual,2000-04-01,81.5,50,,900,91.7988,chirps-v2.0.2000.04.tif
112599,35020290,FOMEQUE [35020290],4.486527778,-73.89041667,1900,Pluviométrica,INSTITUTO DE HIDROLOGIA METEOROLOGIA Y ESTUDIOS AMBIENTALES,Area Operativa 11 - Cundinamarca-Amazonas,Cundinamarca,Fómeque,1981-11-15,,PRECIPITACION,PTPM_TT_M,Precipitación total mensual,Mensual,2000-04-01,56.6,50,,900,137.94785,chirps-v2.0.2000.04.tif
113278,21201660,FUTE  [21201660],4.6,-74.28333333,2607,Pluviográfica,CORPORACION AUTONOMA REGIONAL DE CUNDINAMARCA,Area Operativa 11 - Cundinamarca-Amazonas,Cundinamarca,Soacha,1959-09-15,,PRECIPITACION,PTPM_TT_M,Precipitación total mensual,Mensual,2000-04-01,16.1,50,,900,73.10959,chirps-v2.0.2000.04.tif
113856,35060090,GACHALA [35060090],4.690527778,-73.52291667,1733,Pluviométrica,INSTITUTO DE HIDROLOGIA METEOROLOGIA Y ESTUDIOS AMBIENTALES,Area Operativa 11 - Cundinamarca-Amazonas,Cundinamarca,Gachalá,1962-04-15,,PRECIPITACION,PTPM_TT_M,Precipitación total mensual,Mensual,2000-04-01,150.1,50,,900,225.51736,chirps-v2.0.2000.04.tif
114699,35065010,GACHETA [35065010],4.830388889,-73.64647222,1752,Climática Ordinaria,INSTITUTO DE HIDROLOGIA METEOROLOGIA Y ESTUDIOS AMBIENTALES,Area Operativa 11 - Cundinamarca-Amazonas,Cundinamarca,Gachetá,1972-09-15,,PRECIPITACION,PTPM_TT_M,Precipitación total mensual,Mensual,2000-04-01,67.5,50,,900,100.27055,chirps-v2.0.2000.04.tif
115260,35060240,GAMA [35060240],4.764277778,-73.60991667,2210,Pluviométrica,INSTITUTO DE HIDROLOGIA METEOROLOGIA Y ESTUDIOS AMBIENTALES,Area Operativa 11 - Cundinamarca-Amazonas,Cundinamarca,Gama,1972-08-15,,PRECIPITACION,PTPM_TT_M,Precipitación total mensual,Mensual,2000-04-01,68.0,50,,900,120.45853,chirps-v2.0.2000.04.tif
115910,35030250,GUADUAL EL  [35030250],4.4,-73.68333333,3300,Pluviométrica,EMPRESA DE ACUEDUCTO Y ALCANTARILLADO DE BOGOTA E.S.P,Area Operativa 11 - Cundinamarca-Amazonas,Cundinamarca,Fómeque,1990-08-15,,PRECIPITACION,PTPM_TT_M,Precipitación total mensual,Mensual,2000-04-01,190.0,50,,900,244.45248,chirps-v2.0.2000.04.tif
116676,21201180,GUANQUICA [21201180],5.184277778,-73.941111111,3,Pluviométrica,INSTITUTO DE HIDROLOGIA METEOROLOGIA Y ESTUDIOS AMBIENTALES,Area Operativa 11 - Cundinamarca-Amazonas,Cundinamarca,Tausa,1954-12-15,,PRECIPITACION,PTPM_TT_M,Precipitación total mensual,Mensual,2000-04-01,53.5,50,,900,60.894325,chirps-v2.0.2000.04.tif
117432,21200600,GUARANI EL PENON  [21200600],4.433333333,-74.3,2800,Pluviográfica,CORPORACION AUTONOMA REGIONAL DE CUNDINAMARCA,Area Operativa 11 - Cundinamarca-Amazonas,Cundinamarca,Sibaté,1959-09-15,,PRECIPITACION,PTPM_TT_M,Precipitación total mensual,Mensual,2000-04-01,0.0,50,,900,70.683464,chirps-v2.0.2000.04.tif
118299,35020300,GUTIERREZ [35020300],4.253916667,-74.00269444,2300,Climática Principal,INSTITUTO DE HIDROLOGIA METEOROLOGIA Y ESTUDIOS AMBIENTALES,Area Operativa 11 - Cundinamarca-Amazonas,Cundinamarca,Gutiérrez,1984-07-15,,PRECIPITACION,PTPM_TT_M,Precipitación total mensual,Mensual,2000-04-01,154.0,50,,900,139.29102,chirps-v2.0.2000.04.tif
120900,21201210,HATO EL [21201210],4.866388889,-74.15386111,2575,Pluviométrica,INSTITUTO DE HIDROLOGIA METEOROLOGIA Y ESTUDIOS AMBIENTALES,Area Operativa 11 - Cundinamarca-Amazonas,Cundinamarca,Tenjo,1978-06-15,,PRECIPITACION,PTPM_TT_M,Precipitación total mensual,Mensual,2000-04-01,24.4,50,,900,59.855995,chirps-v2.0.2000.04.tif
121348,35070490,HATO GRANDE HACIENDA [35070490],4.959388889,-73.58436111,2346,Pluviométrica,INSTITUTO DE HIDROLOGIA METEOROLOGIA Y ESTUDIOS AMBIENTALES,Area Operativa 11 - Cundinamarca-Amazonas,Cundinamarca,Manta,1982-07-15,,PRECIPITACION,PTPM_TT_M,Precipitación total mensual,Mensual,2000-04-01,86.1,50,,900,81.66257,chirps-v2.0.2000.04.tif
121690,21202160,HIDROPARAISO [21202160],4.5745,-74.407388889,1685,Pluviométrica,INSTITUTO DE HIDROLOGIA METEOROLOGIA Y ESTUDIOS AMBIENTALES,Area Operativa 11 - Cundinamarca-Amazonas,Cundinamarca,El Colegio,1999-01-15,,PRECIPITACION,PTPM_TT_M,Precipitación total mensual,Mensual,2000-04-01,55.0,50,,900,82.821365,chirps-v2.0.2000.04.tif
122071,21206160,HIDROPARAISO [21206160],4.573166667,-74.40483333,1600,Climática Principal,INSTITUTO DE HIDROLOGIA METEOROLOGIA Y ESTUDIOS AMBIENTALES,Area Operativa 11 - Cundinamarca-Amazonas,Cundinamarca,El Colegio,1984-04-15,1998-12-15 00:00:00,PRECIPITACION,PTPM_TT_M,Precipitación total mensual,Mensual,2000-04-01,55.0,50,,900,82.821365,chirps-v2.0.2000.04.tif
122317,21202110,HUERTAS LAS  [21202110],4.583333333,-74.23333333,2572,Pluviográfica,EMPRESA DE ACUEDUCTO Y ALCANTARILLADO DE BOGOTA E.S.P,Area Operativa 11 - Cundinamarca-Amazonas,Cundinamarca,Soacha,1968-11-15,,PRECIPITACION,PTPM_TT_M,Precipitación total mensual,Mensual,2000-04-01,23.8,50,,900,75.1675,chirps-v2.0.2000.04.tif
122716,21201410,ACANDY  [21201410],5.05,-73.88333333,2600,Pluviométrica,CORPORACION AUTONOMA REGIONAL DE CUNDINAMARCA,Area Operativa 11 - Cundinamarca-Amazonas,Cundinamarca,Nemocón,1977-10-15,,PRECIPITACION,PTPM_TT_M,Precipitación total mensual,Mensual,2000-04-01,13.5,50,,900,61.101685,chirps-v2.0.2000.04.tif
122967,21206280,ACAPULCO AUT [21206280],4.64823,-74.32035,2680,Climática Principal,INSTITUTO DE HIDROLOGIA METEOROLOGIA Y ESTUDIOS AMBIENTALES,Area Operativa 11 - Cundinamarca-Amazonas,Cundinamarca,Bojacá,1990-02-15,,PRECIPITACION,PTPM_TT_M,Precipitación total mensual,Mensual,2000-04-01,27.1,50,,900,68.943665,chirps-v2.0.2000.04.tif
